seed,test_mse,test_mae,r2
unseeded,1.539257526397705,1.1365255117416382,-0.5400228931622522
42,1.7716537714004517,1.2201008796691895,-0.7725324180775208
69,2.790384292602539,1.5016798973083496,-1.7917733109004095
100,2.5376110076904297,1.430456280708313,-1.5388743328899817
